<?xml version="1.0" encoding="UTF-8" standalone="yes" ?>
<program>
  <header>
    <applicationBuildName></applicationBuildName>
    <applicationBuildNumber>0</applicationBuildNumber>
    <applicationName>Pocket Code</applicationName>
    <applicationVersion>0.9.22</applicationVersion>
    <catrobatLanguageVersion>0.993</catrobatLanguageVersion>
    <dateTimeUpload></dateTimeUpload>
    <description>Erzeuge ein neues Objekt und verwende verschiedene Nachrichten um den Rover zu steuern.</description>
    <deviceName>Nexus 4</deviceName>
    <landscapeMode>false</landscapeMode>
    <mediaLicense>http://developer.catrobat.org/ccbysa_v4</mediaLicense>
    <platform>Android</platform>
    <platformVersion>22.0</platformVersion>
    <programLicense>http://developer.catrobat.org/agpl_v3</programLicense>
    <programName>Rover Steuerung mit Nachrichten</programName>
    <remixOf>/pocketcode/program/9325</remixOf>
    <scenesEnabled>true</scenesEnabled>
    <screenHeight>1920</screenHeight>
    <screenMode>STRETCH</screenMode>
    <screenWidth>1080</screenWidth>
    <tags></tags>
    <url>/pocketcode/program/8946</url>
    <userHandle>PeterK</userHandle>
  </header>
  <settings/>
  <scenes>
    <scene>
      <name>Szene 1</name>
      <objectList>
        <object type="SingleSprite" name="Hintergrund">
          <lookList/>
          <nfcTagList/>
          <scriptList/>
          <soundList/>
          <userBricks/>
        </object>
        <object type="SingleSprite" name="NICHT ÄNDERN !!">
          <lookList>
            <look name="Stop">
              <fileName>f5c50a7a08024baca9220b3d2f96b22b_Screenshot_2016-04-27-17-31-09.jpg.png</fileName>
            </look>
            <look name="Vorwärts">
              <fileName>aa8f61bcb270719e42d736fe9fe10a9a_2016_04_27_085618.png</fileName>
            </look>
            <look name="Rückwärts">
              <fileName>7d7be67a36ff77eba0673265b003a222_2016_04_27_085618.png</fileName>
            </look>
            <look name="Nach rechts drehen">
              <fileName>26a569e58292bd00848303656409259c_2016_04_27_085618.png</fileName>
            </look>
            <look name="Nach links drehen">
              <fileName>3e602244f055451f21707505d6e9b019_2016_04_27_085618.png</fileName>
            </look>
            <look name="Rückwärts Kurve nach rechts">
              <fileName>fc076648ae85ee500f3686d255c2a071_2016_04_27_085618.png</fileName>
            </look>
            <look name="Rückwärts Kurve nach links">
              <fileName>a5235b3d07cfecdd178a6d3ae2587a4b_2016_04_27_085618.png</fileName>
            </look>
            <look name="Vorwärts Kurve nach rechts">
              <fileName>49dc0d7ad6cbfccab592adcc87142870_2016_04_27_085618.png</fileName>
            </look>
            <look name="Vorwärts Kurve nach links">
              <fileName>5398d648267625e136682161d1f8cea0_2016_04_27_085618.png</fileName>
            </look>
            <look name="Kalibrierung">
              <fileName>50bb5d194c59ee3779228991bcb92085_look.png</fileName>
            </look>
            <look name="weißer Punkt">
              <fileName>072cd0e8194b5153ed230b32aafb9c93_Screenshot_2016-04-27-17-31-09.jpg.png</fileName>
            </look>
            <look name="4 Rechtecke">
              <fileName>ad18a227a2d50e8261a73707269baf02_2016_04_27_085618.png</fileName>
            </look>
          </lookList>
          <nfcTagList/>
          <scriptList>
            <script type="StartScript">
              <brickList>
                <brick type="SetVariableBrick">
                  <commentedOut>false</commentedOut>
                  <formulaList>
                    <formula category="VARIABLE">
                      <rightChild>
                        <type>NUMBER</type>
                        <value>784</value>
                      </rightChild>
                      <type>OPERATOR</type>
                      <value>MINUS</value>
                    </formula>
                  </formulaList>
                  <userVariable>Vertikale Position der Steuerungsfläche</userVariable>
                </brick>
                <brick type="SetVariableBrick">
                  <commentedOut>false</commentedOut>
                  <formulaList>
                    <formula category="VARIABLE">
                      <type>NUMBER</type>
                      <value>120</value>
                    </formula>
                  </formulaList>
                  <userVariable>Vergrößerungsfaktor für Steuerfläche</userVariable>
                </brick>
                <brick type="SetYBrick">
                  <commentedOut>false</commentedOut>
                  <formulaList>
                    <formula category="Y_POSITION">
                      <type>USER_VARIABLE</type>
                      <value>Vertikale Position der Steuerungsfläche</value>
                    </formula>
                  </formulaList>
                </brick>
                <brick type="SetSizeToBrick">
                  <commentedOut>false</commentedOut>
                  <formulaList>
                    <formula category="SIZE">
                      <type>USER_VARIABLE</type>
                      <value>Vergrößerungsfaktor für Steuerfläche</value>
                    </formula>
                  </formulaList>
                </brick>
                <brick type="WaitBrick">
                  <commentedOut>false</commentedOut>
                  <formulaList>
                    <formula category="TIME_TO_WAIT_IN_SECONDS">
                      <type>NUMBER</type>
                      <value>0.5</value>
                    </formula>
                  </formulaList>
                </brick>
                <brick type="ComeToFrontBrick">
                  <commentedOut>false</commentedOut>
                </brick>
              </brickList>
              <commentedOut>false</commentedOut>
              <isUserScript>false</isUserScript>
            </script>
            <script type="BroadcastScript">
              <brickList>
                <brick type="SetLookBrick">
                  <commentedOut>false</commentedOut>
                  <look reference="../../../../../lookList/look"/>
                </brick>
              </brickList>
              <commentedOut>false</commentedOut>
              <receivedMessage>Stop!</receivedMessage>
            </script>
            <script type="BroadcastScript">
              <brickList>
                <brick type="SetLookBrick">
                  <commentedOut>false</commentedOut>
                  <look reference="../../../../../lookList/look[2]"/>
                </brick>
              </brickList>
              <commentedOut>false</commentedOut>
              <receivedMessage>Vorwärts!</receivedMessage>
            </script>
            <script type="BroadcastScript">
              <brickList>
                <brick type="SetLookBrick">
                  <commentedOut>false</commentedOut>
                  <look reference="../../../../../lookList/look[9]"/>
                </brick>
              </brickList>
              <commentedOut>false</commentedOut>
              <receivedMessage>Vorwärts Kurve nach links!</receivedMessage>
            </script>
            <script type="BroadcastScript">
              <brickList>
                <brick type="SetLookBrick">
                  <commentedOut>false</commentedOut>
                  <look reference="../../../../../lookList/look[8]"/>
                </brick>
              </brickList>
              <commentedOut>false</commentedOut>
              <receivedMessage>Vorwärts Kurve nach rechts!</receivedMessage>
            </script>
            <script type="BroadcastScript">
              <brickList>
                <brick type="SetLookBrick">
                  <commentedOut>false</commentedOut>
                  <look reference="../../../../../lookList/look[3]"/>
                </brick>
              </brickList>
              <commentedOut>false</commentedOut>
              <receivedMessage>Rückwärts!</receivedMessage>
            </script>
            <script type="BroadcastScript">
              <brickList>
                <brick type="SetLookBrick">
                  <commentedOut>false</commentedOut>
                  <look reference="../../../../../lookList/look[7]"/>
                </brick>
              </brickList>
              <commentedOut>false</commentedOut>
              <receivedMessage>Rückwärts Kurve nach links!</receivedMessage>
            </script>
            <script type="BroadcastScript">
              <brickList>
                <brick type="SetLookBrick">
                  <commentedOut>false</commentedOut>
                  <look reference="../../../../../lookList/look[6]"/>
                </brick>
              </brickList>
              <commentedOut>false</commentedOut>
              <receivedMessage>Rückwärts Kurve nach rechts!</receivedMessage>
            </script>
            <script type="BroadcastScript">
              <brickList>
                <brick type="SetLookBrick">
                  <commentedOut>false</commentedOut>
                  <look reference="../../../../../lookList/look[5]"/>
                </brick>
              </brickList>
              <commentedOut>false</commentedOut>
              <receivedMessage>Nach links drehen!</receivedMessage>
            </script>
            <script type="BroadcastScript">
              <brickList>
                <brick type="SetLookBrick">
                  <commentedOut>false</commentedOut>
                  <look reference="../../../../../lookList/look[4]"/>
                </brick>
              </brickList>
              <commentedOut>false</commentedOut>
              <receivedMessage>Nach rechts drehen!</receivedMessage>
            </script>
          </scriptList>
          <soundList/>
          <userBricks/>
        </object>
      </objectList>
      <data>
        <objectListOfList>
          <entry>
            <object reference="../../../../objectList/object[2]"/>
            <list>
              <userList>
                <name>Bewegungsdetektor</name>
              </userList>
            </list>
          </entry>
        </objectListOfList>
        <objectVariableList>
          <entry>
            <object reference="../../../../objectList/object[2]"/>
            <list>
              <userVariable reference="../../../../../objectList/object[2]/scriptList/script/brickList/brick[2]/userVariable"/>
              <userVariable reference="../../../../../objectList/object[2]/scriptList/script/brickList/brick/userVariable"/>
              <userVariable>letzte Richtung</userVariable>
              <userVariable>aktuelle Richtung</userVariable>
              <userVariable>Position vom Gesicht</userVariable>
              <userVariable>zu Gesichtern drehen</userVariable>
            </list>
          </entry>
        </objectVariableList>
        <userBrickVariableList/>
      </data>
      <originalWidth>1080</originalWidth>
      <originalHeight>1920</originalHeight>
    </scene>
  </scenes>
  <programVariableList/>
  <programListOfLists/>
</program>